{
    "synonyms":
        {
            "Age": ["age", "DOB", "birth", "youth", "elder", "senior", "date of birth"],
            "Gender": ["gender", "sex"],
            "Ethnicity": ["race", "color", "ethnic", "breed", "culture", "ethnicity"],
            "Religion": ["religion", "creed", "cult", "doctrine", "faith"],
            "Nationality": ["nationality", "nation", "geography", "location", "language", "native", "country", "region"],
            "Family Status": ["family status", "family", "house", "marital", "children", "partner", "pregnant", "marital status"],
            "Disability": ["disability", "impairment"],
            "Sexual Orientation": ["sexual orientation", "sexual preference", "sexual", "orientation", "attracted"]
        },
    "values":
        {
            "Age": [],
            "Gender": [
                "male",
                "female",
                "gender",
                "non-binary",
                "man",
                "woman",
                "gender neutral",
                "agender",
                "pangender",
                "genderqueer",
                "two-spirit"
            ],
            "Ethnicity": [
                "caucasian",
                "american",
                "african",
                "indo-european",
                "asian",
                "caribbean",
                "arabian",
                "indigenous",
                "romani",
                "white",
                "black",
                "indian",
                "romance"
            ],
            "Religion": [
                "christian",
                "religion",
                "islam",
                "hinduism",
                "sikhism",
                "judaism",
                "buddhism",
                "protestantism",
                "daoism",
                "pantheism"
            ],
            "Nationality": [
                "english",
                "irish",
                "welsh",
                "american",
                "german",
                "indian",
                "french",
                "spanish",
                "indian",
                "chinese",
                "japanese",
                "afghan",
                "australian",
                "albanian",
                "argentinian",
                "austrian",
                "bangladeshi",
                "bengali",
                "belgian",
                "bolivian",
                "botswanan",
                "brazilian",
                "bulgarian",
                "cambodian",
                "cameroonian",
                "canadian",
                "chilean",
                "colombian",
                "costa rican",
                "croatian",
                "cuban",
                "czech",
                "danish",
                "dane",
                "dominican",
                "ecuadorian",
                "egyptian",
                "salvadorian",
                "estonian",
                "ethiopian",
                "fijian",
                "finnish",
                "ghanaian",
                "greek",
                "guatemalan",
                "haitian",
                "honduran",
                "hungarian",
                "icelandic",
                "indonesian",
                "iranian",
                "iraqi",
                "israeli",
                "italian",
                "jamaican",
                "jordanian",
                "kenyan",
                "kuwaiti",
                "laotain",
                "lao",
                "latvian",
                "lebanese",
                "libyan",
                "lithuanian",
                "malagasy",
                "malaysian",
                "malian",
                "maltese",
                "mexican",
                "mongolian",
                "moroccan",
                "mozambican",
                "nambian",
                "nepalese",
                "dutch",
                "new zealander",
                "nicaraguan",
                "nigerian",
                "norwegian",
                "pakistani",
                "panamanian",
                "paraguayan",
                "peruvian",
                "filipino",
                "polish",
                "portuguese",
                "romanian",
                "russian",
                "saudi",
                "scottish",
                "senegalese",
                "serbian",
                "singaporean",
                "slovak",
                "south african",
                "korean",
                "sri lankan",
                "sudanese",
                "swedish",
                "swiss",
                "syrian",
                "taiwanese",
                "taijikistani",
                "thai",
                "tongan",
                "tunisian",
                "turkish",
                "ukrainian",
                "emirati",
                "uruguayan",
                "venezuelan",
                "vietnamese",
                "zambian",
                "zimbabwean"
            ],
            "Family Status": ["married", "single", "widowed", "divorced", "separated", "pregnant", "husband", "wife", "family", "child"],
            "Disability": [
                "hearing",
                "impairment",
                "sight",
                "cancer",
                "hiv",
                "sclerosis",
                "injury",
                "learning",
                "dyslexia",
                "dyspraxia",
                "autism",
                "depression",
                "disorder",
                "bipolar",
                "schizophrenia",
                "arthritis",
                "fibromyalgia",
                "dystrophy",
                "dementia"
            ],
            "Sexual Orientation": ["heterosexual", "asexual", "homosexual", "bisexual", "sexual"]
        }
}
